Number_of_vehicles_involved,Driving_experience,Age_band_of_driver,Service_year_of_vehicle,Number_of_casualties,Weather_conditions_Foggy,Weather_conditions_Rainy,Weather_conditions_Snowy,Light_conditions_Night,Road_surface_conditions_Icy,Road_surface_conditions_Snowy,Road_surface_conditions_Wet,Type_of_collision_Intersection,Type_of_collision_Rear-end,Type_of_collision_Side-swipe,Day_of_week_Monday,Day_of_week_Saturday,Day_of_week_Sunday,Day_of_week_Thursday,Day_of_week_Tuesday,Day_of_week_Wednesday,Sex_of_driver_Male,Educational_level_No education,Educational_level_Primary,Educational_level_Secondary,Vehicle_driver_relation_Family,Vehicle_driver_relation_Friend,Vehicle_driver_relation_Owner,Type_of_vehicle_Car,Type_of_vehicle_Motorcycle,Type_of_vehicle_Truck,Owner_of_vehicle_Individual
4,10.0,60,9,2,False,False,True,False,False,False,True,False,False,True,False,False,False,False,False,True,False,False,True,False,False,True,False,False,False,True,True
1,0.5,24,13,0,False,False,False,True,False,True,False,True,False,False,False,False,False,True,False,False,True,False,True,False,False,False,False,False,False,False,False
3,0.5,15,9,2,False,False,True,False,False,False,True,False,False,True,True,False,False,False,False,False,False,False,False,True,True,False,False,False,False,False,True
3,7.5,40,9,1,True,False,False,True,True,False,False,False,True,False,False,True,False,False,False,False,True,True,False,False,False,True,False,True,False,False,False
2,3.5,60,8,4,True,False,False,False,True,False,False,True,False,False,False,False,False,False,False,True,False,False,False,False,False,False,False,False,True,False,False
1,7.5,24,5,1,True,False,False,False,False,False,True,False,True,False,False,False,False,False,False,True,False,False,False,False,False,False,True,True,False,False,False
1,0.5,24,6,2,True,False,False,False,False,False,True,False,True,False,False,False,False,False,False,False,False,False,False,False,True,False,False,False,False,True,True
2,10.0,24,13,4,False,False,True,False,False,False,True,False,False,False,False,False,False,True,False,False,True,False,True,False,False,True,False,False,False,True,False
1,1.5,15,9,2,False,False,False,False,False,False,True,False,False,True,True,False,False,False,False,False,False,False,False,False,False,True,False,False,False,False,False
4,1.5,15,9,3,True,False,False,True,True,False,False,False,True,False,False,False,False,False,True,False,True,False,False,True,False,True,False,True,False,False,True
3,7.5,24,13,0,False,False,False,True,True,False,False,False,False,False,False,False,False,False,False,False,False,True,False,False,False,False,True,False,False,False,True
3,3.5,60,2,0,False,False,False,True,False,False,False,True,False,False,False,False,True,False,False,False,True,True,False,False,True,False,False,True,False,False,False
1,10.0,15,1,0,True,False,False,False,False,True,False,False,False,True,True,False,False,False,False,False,False,False,True,False,False,False,True,False,False,False,True
3,3.5,60,5,0,False,False,False,False,False,False,True,False,False,False,False,False,False,False,True,False,False,True,False,False,False,False,False,False,False,True,True
2,3.5,40,12,3,False,False,False,True,False,True,False,True,False,False,False,True,False,False,False,False,True,False,False,True,True,False,False,False,False,False,False
4,0.5,15,9,4,False,True,False,False,False,False,False,False,True,False,False,False,False,False,True,False,False,False,False,True,False,True,False,False,False,False,False
4,10.0,24,7,0,False,True,False,True,False,False,False,True,False,False,False,False,True,False,False,False,False,True,False,False,False,True,False,False,False,False,False
3,7.5,40,8,2,False,True,False,False,False,False,True,False,False,False,False,False,False,True,False,False,True,False,False,False,True,False,False,True,False,False,False
1,10.0,40,10,4,False,False,True,True,True,False,False,True,False,False,False,False,False,True,False,False,True,False,True,False,False,False,False,False,False,False,False
4,10.0,40,13,1,False,False,True,False,True,False,False,False,False,True,False,False,False,False,False,False,True,False,True,False,False,False,False,False,False,True,False
2,0.5,15,14,4,False,True,False,False,False,True,False,False,False,False,False,False,True,False,False,False,False,False,False,True,False,False,False,False,False,True,False
2,3.5,60,13,4,False,True,False,False,False,True,False,False,False,True,False,False,False,False,False,True,False,True,False,False,False,True,False,False,False,False,False
3,3.5,15,13,1,False,True,False,False,False,True,False,False,False,False,False,True,False,False,False,False,False,False,False,True,False,True,False,False,False,False,False
1,0.5,40,11,2,False,False,False,False,False,False,True,False,False,True,False,False,False,False,True,False,True,False,False,False,False,True,False,False,False,True,True
2,7.5,15,3,2,False,False,True,True,False,False,False,False,False,True,False,False,False,True,False,False,True,False,False,True,False,True,False,False,True,False,True
3,7.5,60,13,1,False,True,False,False,False,False,False,False,False,False,False,True,False,False,False,False,True,False,True,False,False,False,False,True,False,False,False
1,10.0,40,2,2,False,True,False,False,False,True,False,False,False,False,False,False,False,False,False,True,False,False,True,False,False,False,False,False,True,False,False
1,7.5,24,5,0,True,False,False,False,False,False,True,False,True,False,False,False,False,False,True,False,True,False,True,False,True,False,False,False,True,False,True
4,10.0,24,8,0,False,False,True,False,False,False,False,False,False,False,True,False,False,False,False,False,False,False,False,False,True,False,False,True,False,False,False
2,3.5,24,11,1,True,False,False,True,True,False,False,False,False,False,False,True,False,False,False,False,True,True,False,False,False,False,False,False,False,False,True
2,3.5,24,3,0,False,False,False,False,False,False,True,False,True,False,False,False,False,False,False,True,True,False,False,True,False,True,False,False,False,True,False
4,10.0,15,4,2,False,False,True,False,False,False,False,False,True,False,False,False,True,False,False,False,True,False,False,True,False,False,False,True,False,False,False
1,1.5,24,12,4,True,False,False,False,True,False,False,False,True,False,False,True,False,False,False,False,False,False,True,False,True,False,False,False,True,False,False
3,3.5,60,6,1,False,False,True,True,False,True,False,True,False,False,False,False,False,True,False,False,False,False,False,False,False,False,True,False,True,False,False
3,10.0,15,8,3,False,True,False,True,True,False,False,False,False,True,False,False,False,False,False,False,True,False,False,False,False,True,False,False,False,False,False
1,3.5,40,6,4,False,True,False,True,False,False,False,True,False,False,True,False,False,False,False,False,False,False,False,False,False,False,True,False,False,False,False
2,1.5,24,6,0,False,True,False,True,False,True,False,False,False,False,True,False,False,False,False,False,False,False,True,False,False,True,False,False,False,False,True
3,10.0,40,4,4,True,False,False,False,False,False,True,False,True,False,False,False,True,False,False,False,True,False,False,True,False,True,False,True,False,False,False
3,10.0,60,13,2,False,False,True,False,False,True,False,False,False,True,True,False,False,False,False,False,False,False,False,False,False,False,True,False,True,False,False
3,1.5,40,5,3,False,False,True,False,False,True,False,False,False,True,False,False,False,True,False,False,True,False,True,False,False,False,True,False,False,False,False
2,10.0,15,10,2,True,False,False,True,True,False,False,True,False,False,False,False,False,False,True,False,True,True,False,False,False,True,False,False,True,False,True
4,7.5,24,9,4,False,False,False,False,True,False,False,False,True,False,False,False,False,False,True,False,False,True,False,False,True,False,False,False,False,False,False
2,10.0,40,4,0,False,False,False,False,False,True,False,True,False,False,False,False,False,False,False,False,False,False,False,False,False,False,True,True,False,False,True
3,1.5,24,4,0,False,False,False,False,False,True,False,True,False,False,False,False,False,False,False,True,False,False,True,False,False,True,False,False,False,False,False
4,3.5,24,4,4,False,False,False,False,False,False,True,False,True,False,False,False,False,False,False,True,False,False,True,False,False,True,False,False,False,True,False
2,1.5,60,9,2,False,False,True,False,True,False,False,False,False,False,False,False,False,True,False,False,True,False,False,False,False,False,True,False,False,False,True
2,0.5,15,12,4,False,True,False,True,False,False,False,True,False,False,False,True,False,False,False,False,False,False,False,True,False,False,False,False,False,True,False
2,7.5,40,1,1,True,False,False,False,True,False,False,True,False,False,False,False,False,True,False,False,True,False,False,True,True,False,False,True,False,False,False
2,7.5,24,4,3,False,False,False,False,True,False,False,False,False,True,False,False,True,False,False,False,True,False,False,True,False,False,True,False,False,True,False
4,1.5,40,1,0,False,False,True,True,False,False,False,False,False,True,False,False,False,False,False,True,True,False,False,False,False,False,False,True,False,False,False
2,10.0,40,14,0,True,False,False,True,False,False,False,False,True,False,False,False,False,True,False,False,True,False,False,True,True,False,False,False,False,True,False
2,3.5,24,7,1,True,False,False,True,False,False,True,True,False,False,False,False,False,False,False,True,False,False,False,True,False,True,False,False,True,False,False
1,10.0,15,1,0,False,False,True,True,False,False,True,True,False,False,False,True,False,False,False,False,True,True,False,False,False,False,True,True,False,False,False
1,10.0,15,9,3,False,False,True,False,False,False,True,False,False,False,False,False,False,False,False,True,False,False,True,False,False,False,True,True,False,False,False
3,0.5,40,4,2,True,False,False,False,False,False,False,False,True,False,False,False,False,False,False,False,True,False,False,False,False,False,False,False,True,False,False
1,1.5,24,14,2,False,False,False,True,True,False,False,True,False,False,False,False,False,False,False,True,True,False,False,True,False,True,False,False,False,False,False
1,7.5,40,2,3,False,True,False,False,False,False,True,False,False,False,False,False,False,False,True,False,True,False,False,False,False,False,True,False,False,False,False
4,0.5,24,5,2,False,True,False,False,False,True,False,False,True,False,False,False,False,True,False,False,False,False,False,False,True,False,False,False,False,False,False
3,1.5,60,5,0,False,False,True,True,False,True,False,False,True,False,True,False,False,False,False,False,True,False,True,False,False,False,False,False,False,False,False
2,3.5,24,1,1,True,False,False,True,True,False,False,False,False,True,False,False,True,False,False,False,True,False,False,False,False,False,False,True,False,False,True
4,1.5,40,1,2,False,False,False,True,False,False,False,True,False,False,False,False,False,False,True,False,False,False,True,False,True,False,False,False,False,False,True
3,1.5,40,13,1,False,True,False,False,False,False,True,True,False,False,False,False,True,False,False,False,False,False,False,True,True,False,False,True,False,False,False
1,1.5,24,9,3,False,False,True,False,False,False,True,False,False,False,False,False,True,False,False,False,True,False,False,False,True,False,False,True,False,False,True
4,10.0,40,12,1,False,True,False,True,False,True,False,False,False,True,False,False,False,True,False,False,True,False,False,True,True,False,False,False,False,False,True
1,10.0,60,9,1,True,False,False,False,False,False,False,False,False,True,False,False,True,False,False,False,False,False,True,False,True,False,False,False,True,False,True
3,1.5,15,14,2,False,False,False,False,False,True,False,False,False,False,False,False,False,True,False,False,False,False,True,False,False,False,True,True,False,False,False
1,3.5,24,6,4,True,False,False,False,False,False,False,False,True,False,False,False,True,False,False,False,False,False,True,False,False,False,True,True,False,False,True
4,0.5,60,5,2,False,False,True,False,False,False,True,False,True,False,False,False,False,True,False,False,True,True,False,False,False,False,False,False,False,True,False
1,0.5,60,12,4,False,True,False,False,False,True,False,False,False,True,False,False,False,False,False,True,False,False,True,False,False,False,True,False,False,False,True
2,1.5,40,13,4,False,True,False,False,True,False,False,False,False,True,False,False,False,True,False,False,True,False,False,True,False,False,True,True,False,False,True
1,3.5,15,2,4,False,False,True,True,True,False,False,False,False,True,False,False,False,True,False,False,True,False,True,False,True,False,False,False,False,True,False
2,7.5,24,14,2,False,True,False,False,False,False,True,False,False,False,False,False,False,True,False,False,False,False,False,True,True,False,False,False,False,False,False
1,3.5,24,8,3,False,False,False,True,False,True,False,True,False,False,False,False,True,False,False,False,False,True,False,False,True,False,False,False,False,True,False
4,0.5,15,2,0,False,True,False,True,False,False,True,False,False,True,False,False,True,False,False,False,True,False,False,True,False,False,False,False,True,False,False
2,1.5,24,13,0,False,False,False,True,True,False,False,True,False,False,False,True,False,False,False,False,False,False,False,True,False,False,False,False,False,False,False
1,1.5,15,13,0,False,False,True,False,True,False,False,False,True,False,False,False,False,False,False,True,False,False,True,False,False,False,True,False,True,False,True
2,0.5,15,2,0,True,False,False,False,False,True,False,False,True,False,False,False,False,False,False,True,False,True,False,False,False,False,False,False,False,True,False
4,3.5,15,1,4,False,False,False,True,False,False,False,True,False,False,False,False,False,False,False,True,False,False,False,False,True,False,False,False,True,False,True
4,10.0,60,10,0,True,False,False,True,False,False,True,False,True,False,False,False,False,False,False,False,True,False,False,True,False,True,False,False,False,True,True
1,1.5,60,14,4,False,False,True,True,True,False,False,False,False,True,False,False,False,False,False,False,False,False,True,False,False,True,False,False,False,False,False
4,1.5,24,11,4,False,False,True,False,False,True,False,True,False,False,False,False,False,False,False,False,True,False,True,False,False,True,False,False,True,False,False
1,0.5,15,4,3,True,False,False,False,False,True,False,False,True,False,False,False,False,True,False,False,False,False,False,False,False,False,True,False,False,False,True
3,7.5,15,12,1,False,False,False,False,False,True,False,False,False,True,False,False,False,False,False,True,True,False,True,False,True,False,False,False,False,True,False
2,0.5,24,7,3,True,False,False,True,False,False,False,True,False,False,False,False,True,False,False,False,False,False,False,False,False,False,False,False,True,False,False
4,7.5,15,11,3,False,False,False,False,False,True,False,True,False,False,False,False,False,False,False,True,True,False,True,False,True,False,False,False,False,False,False
3,10.0,24,7,0,False,False,True,True,False,False,True,False,False,False,False,False,True,False,False,False,False,True,False,False,False,False,True,False,False,False,False
4,0.5,15,1,0,False,True,False,True,False,False,True,True,False,False,True,False,False,False,False,False,False,False,True,False,True,False,False,False,False,False,False
2,3.5,40,2,4,False,False,True,True,False,False,False,False,False,True,False,False,False,True,False,False,False,False,True,False,False,False,True,True,False,False,False
3,0.5,60,5,4,False,False,False,True,False,False,True,False,False,True,False,False,False,False,False,False,False,True,False,False,True,False,False,False,False,True,False
2,7.5,60,12,4,False,True,False,True,False,False,False,False,False,True,False,False,True,False,False,False,False,True,False,False,False,True,False,False,False,True,True
1,3.5,60,3,1,True,False,False,True,False,False,False,True,False,False,False,False,False,False,True,False,True,False,True,False,True,False,False,False,False,False,False
2,3.5,60,3,2,True,False,False,True,False,False,False,False,True,False,False,False,True,False,False,False,True,False,False,False,False,True,False,False,False,False,True
3,0.5,15,6,3,False,True,False,True,True,False,False,True,False,False,False,False,False,False,False,False,True,False,False,True,False,False,True,True,False,False,False
3,1.5,60,8,2,False,False,False,False,True,False,False,False,False,False,False,True,False,False,False,False,True,False,False,True,False,False,False,False,False,False,False
2,7.5,40,7,4,True,False,False,True,False,True,False,False,False,True,True,False,False,False,False,False,False,False,False,True,False,True,False,False,True,False,True
4,1.5,40,7,0,False,False,False,False,False,False,True,False,False,False,False,False,False,True,False,False,False,True,False,False,False,True,False,False,False,True,True
3,7.5,60,5,2,False,False,False,False,True,False,False,False,False,True,False,False,False,False,True,False,False,False,False,True,False,True,False,False,False,True,False
1,10.0,24,12,1,True,False,False,False,False,True,False,True,False,False,True,False,False,False,False,False,True,False,True,False,False,False,False,False,True,False,False
2,0.5,24,7,0,True,False,False,True,False,False,True,False,False,False,False,False,True,False,False,False,False,False,True,False,False,True,False,False,False,True,True
3,3.5,60,11,0,True,False,False,False,False,False,False,False,False,False,True,False,False,False,False,False,True,True,False,False,False,False,False,False,False,False,False
1,1.5,60,9,4,False,False,True,False,False,False,True,False,True,False,True,False,False,False,False,False,True,False,True,False,True,False,False,True,False,False,True
2,3.5,15,9,4,False,True,False,True,False,True,False,False,True,False,False,False,False,False,True,False,True,False,True,False,False,False,False,True,False,False,True
2,3.5,40,13,4,False,False,False,False,False,True,False,True,False,False,False,False,False,False,False,True,True,False,False,True,False,False,False,True,False,False,True
3,10.0,15,11,0,False,False,False,False,True,False,False,False,False,False,False,True,False,False,False,False,True,False,False,False,False,True,False,False,False,True,True
2,3.5,15,3,4,False,False,False,True,True,False,False,False,True,False,False,False,False,True,False,False,False,False,True,False,False,False,False,False,False,True,False
2,3.5,24,5,0,False,False,False,False,True,False,False,False,True,False,False,False,False,False,True,False,True,False,False,False,False,False,False,False,True,False,False
1,3.5,60,14,0,True,False,False,True,False,False,False,False,False,False,False,False,True,False,False,False,True,False,False,False,False,True,False,False,True,False,True
3,0.5,15,14,3,True,False,False,False,False,False,False,False,True,False,False,True,False,False,False,False,True,False,False,False,False,False,True,False,False,True,True
3,10.0,40,10,3,False,True,False,True,False,False,True,False,False,True,False,False,False,False,False,False,False,True,False,False,False,False,False,True,False,False,False
4,0.5,24,6,0,False,False,True,True,False,True,False,False,False,False,False,False,False,False,True,False,True,True,False,False,False,False,False,False,False,True,False
3,3.5,60,1,1,False,False,True,False,False,False,True,True,False,False,False,False,False,False,False,True,False,True,False,False,False,False,False,False,True,False,True
3,7.5,40,5,1,False,True,False,True,True,False,False,False,False,True,False,False,True,False,False,False,False,False,False,False,False,True,False,False,False,True,True
1,7.5,15,7,3,False,False,True,True,True,False,False,True,False,False,False,False,True,False,False,False,True,True,False,False,False,False,True,True,False,False,False
1,7.5,40,14,4,False,False,False,False,False,False,True,True,False,False,False,False,False,False,False,False,True,True,False,False,False,False,False,False,False,False,True
3,1.5,60,5,2,False,True,False,False,False,False,False,False,True,False,False,False,False,False,False,True,True,False,True,False,False,False,False,False,True,False,True
1,0.5,40,6,0,False,True,False,True,False,False,False,False,False,True,True,False,False,False,False,False,True,False,False,True,False,False,True,True,False,False,True
3,7.5,40,3,3,True,False,False,False,False,False,False,False,False,True,False,False,False,False,False,False,True,True,False,False,True,False,False,False,False,True,False
4,3.5,60,6,1,True,False,False,False,False,False,True,False,False,True,False,False,False,False,False,True,True,False,False,False,False,False,False,True,False,False,True
3,0.5,15,11,3,False,False,True,True,False,False,True,False,False,True,False,False,False,False,False,True,False,False,False,False,False,False,False,False,False,False,False
4,7.5,60,1,2,False,False,True,False,False,False,False,False,False,False,False,False,False,False,True,False,False,True,False,False,False,False,True,True,False,False,True
3,1.5,60,3,1,False,True,False,False,False,True,False,False,False,False,False,True,False,False,False,False,False,False,True,False,True,False,False,True,False,False,True
4,10.0,24,6,1,False,False,True,False,True,False,False,False,False,False,False,True,False,False,False,False,False,False,True,False,False,False,True,False,False,False,True
2,1.5,60,11,3,False,False,True,False,True,False,False,True,False,False,False,False,False,False,False,False,True,False,False,True,False,True,False,False,False,True,False
3,1.5,24,8,4,False,True,False,True,False,True,False,True,False,False,True,False,False,False,False,False,False,True,False,False,False,True,False,False,False,True,True
2,1.5,15,4,4,False,True,False,False,True,False,False,False,False,False,False,False,False,True,False,False,True,False,True,False,True,False,False,False,False,True,True
4,10.0,15,2,3,False,False,True,False,False,False,False,True,False,False,False,True,False,False,False,False,False,False,True,False,True,False,False,True,False,False,False
2,10.0,60,10,4,False,True,False,False,False,True,False,False,True,False,False,False,True,False,False,False,True,False,False,True,False,False,True,True,False,False,True
4,7.5,15,4,2,True,False,False,True,False,False,True,True,False,False,False,False,False,False,True,False,True,False,False,False,False,True,False,False,True,False,True
2,7.5,24,6,4,True,False,False,True,False,True,False,True,False,False,False,False,False,False,False,True,False,True,False,False,False,False,True,False,False,False,False
2,3.5,40,12,4,True,False,False,True,False,True,False,False,False,True,False,False,False,True,False,False,True,False,False,False,False,False,True,False,False,True,True
3,1.5,40,13,0,False,False,False,True,False,False,False,True,False,False,True,False,False,False,False,False,False,True,False,False,False,True,False,False,False,False,True
1,1.5,15,10,1,False,False,False,True,False,False,True,False,False,True,False,False,False,False,False,False,False,True,False,False,True,False,False,True,False,False,False
2,10.0,60,14,3,False,False,False,False,False,False,False,False,False,False,False,False,False,False,True,False,False,False,False,False,True,False,False,True,False,False,False
2,10.0,15,3,0,True,False,False,True,True,False,False,False,False,False,False,False,False,True,False,False,True,False,False,True,False,True,False,True,False,False,False
1,10.0,60,14,2,False,True,False,False,True,False,False,False,False,True,False,True,False,False,False,False,False,False,False,True,False,True,False,False,False,False,False
4,7.5,24,5,0,False,False,True,True,False,True,False,False,True,False,False,False,False,False,False,False,False,False,False,False,False,True,False,False,False,True,False
2,1.5,40,14,2,False,True,False,True,False,False,True,False,False,False,False,False,True,False,False,False,True,False,True,False,False,False,True,True,False,False,True
2,0.5,24,10,0,False,False,True,True,True,False,False,True,False,False,False,False,False,False,False,True,True,True,False,False,False,False,False,False,True,False,True
3,0.5,60,7,3,True,False,False,False,False,False,True,False,False,False,False,False,True,False,False,False,True,False,True,False,False,False,False,True,False,False,True
4,0.5,15,7,1,True,False,False,False,False,True,False,True,False,False,False,False,False,True,False,False,False,True,False,False,False,True,False,False,True,False,False
3,7.5,40,2,3,False,True,False,False,False,False,True,False,True,False,False,False,False,False,True,False,True,True,False,False,False,True,False,False,False,True,True
1,3.5,24,1,2,False,False,False,False,False,True,False,False,True,False,False,False,False,False,False,False,True,False,False,True,False,False,True,False,False,False,False
2,7.5,15,5,4,True,False,False,True,False,False,True,False,True,False,False,False,False,False,True,False,False,False,True,False,False,True,False,True,False,False,True
2,10.0,24,14,3,False,True,False,True,True,False,False,False,False,False,False,True,False,False,False,False,False,False,False,False,False,False,False,True,False,False,False
4,0.5,40,4,0,True,False,False,False,False,True,False,True,False,False,False,False,False,False,False,True,True,True,False,False,True,False,False,True,False,False,True
4,3.5,15,11,1,False,True,False,False,True,False,False,False,False,True,False,False,False,False,False,False,False,False,False,True,False,False,True,True,False,False,True
3,0.5,15,12,1,False,True,False,True,False,False,False,False,True,False,False,False,False,False,False,True,True,False,False,False,False,False,True,False,False,False,True
1,7.5,15,9,4,False,True,False,True,False,True,False,False,False,False,False,False,False,False,False,True,True,False,True,False,False,True,False,False,False,False,False
1,7.5,24,9,1,False,False,True,True,False,False,False,False,True,False,False,False,False,False,True,False,True,False,False,False,False,True,False,False,False,False,False
2,3.5,40,1,2,False,False,True,False,False,False,True,False,False,True,False,True,False,False,False,False,True,False,False,False,False,False,True,False,False,True,True
4,0.5,40,12,0,False,False,False,True,True,False,False,True,False,False,False,False,False,False,True,False,True,False,True,False,False,False,False,False,False,False,True
4,3.5,15,2,1,False,True,False,True,True,False,False,True,False,False,False,False,False,False,True,False,False,True,False,False,False,False,False,False,True,False,True
4,7.5,24,1,1,False,False,True,True,False,False,True,False,False,False,False,False,False,False,False,False,True,False,False,True,False,False,False,True,False,False,True
4,3.5,40,10,1,True,False,False,False,False,False,True,False,False,False,False,False,False,True,False,False,True,False,False,True,False,False,False,True,False,False,False
4,10.0,40,4,1,False,False,False,False,False,True,False,False,False,True,False,False,False,False,False,False,True,False,False,True,False,False,True,True,False,False,False
1,3.5,24,2,0,False,True,False,True,True,False,False,False,False,False,False,False,False,False,False,False,False,False,False,True,False,False,True,False,False,False,True
4,7.5,60,12,1,False,False,True,True,True,False,False,False,False,True,False,False,False,False,False,True,False,True,False,False,True,False,False,False,True,False,True
3,1.5,60,7,3,False,False,False,False,False,False,True,False,False,True,False,False,False,False,False,False,False,True,False,False,False,False,True,True,False,False,True
1,1.5,15,13,0,False,False,True,True,False,False,True,False,False,False,False,False,False,False,True,False,True,False,False,False,False,True,False,False,False,False,False
3,0.5,60,2,4,True,False,False,True,True,False,False,False,True,False,False,False,False,True,False,False,False,False,False,False,True,False,False,False,True,False,True
3,3.5,60,4,0,False,False,True,True,False,False,True,False,True,False,True,False,False,False,False,False,True,False,True,False,False,False,False,False,True,False,False
1,0.5,15,6,4,False,True,False,True,False,False,False,True,False,False,True,False,False,False,False,False,True,False,False,False,False,False,True,False,False,True,True
3,0.5,15,10,2,False,False,True,False,False,False,True,False,False,True,False,True,False,False,False,False,True,False,True,False,False,False,False,False,False,True,False
4,0.5,15,9,0,False,True,False,True,False,True,False,False,True,False,False,False,True,False,False,False,True,False,False,True,False,True,False,False,True,False,False
1,1.5,40,4,0,False,False,True,False,False,False,False,True,False,False,False,False,False,False,False,True,False,False,False,False,False,False,True,False,False,False,False
1,1.5,40,11,0,False,True,False,False,True,False,False,False,True,False,False,False,False,True,False,False,True,True,False,False,False,False,True,False,True,False,False
4,10.0,40,7,1,False,False,True,True,True,False,False,False,False,True,True,False,False,False,False,False,True,True,False,False,False,False,True,False,True,False,False
3,3.5,60,1,1,False,False,True,True,True,False,False,False,False,False,False,False,False,False,True,False,False,False,True,False,False,False,False,False,False,True,True
4,7.5,15,3,2,False,False,False,True,False,False,False,False,False,False,False,False,True,False,False,False,True,False,False,True,True,False,False,True,False,False,False
2,3.5,60,1,2,False,False,True,False,False,True,False,True,False,False,False,False,False,False,False,False,True,False,False,False,False,False,False,False,False,True,True
3,7.5,40,1,3,False,False,False,True,True,False,False,False,True,False,False,False,False,False,False,False,True,False,False,True,False,False,False,False,False,True,True
2,3.5,24,10,1,False,False,True,False,False,False,False,True,False,False,False,False,False,False,False,True,False,False,False,False,False,True,False,False,False,True,False
2,7.5,40,4,0,False,False,False,True,False,False,False,False,True,False,False,True,False,False,False,False,True,True,False,False,False,True,False,False,True,False,False
4,1.5,15,14,2,False,False,True,False,False,True,False,False,False,False,False,False,True,False,False,False,True,True,False,False,False,False,False,False,False,True,False
1,10.0,24,7,2,True,False,False,True,False,True,False,True,False,False,False,True,False,False,False,False,True,True,False,False,True,False,False,False,False,False,False
4,0.5,24,2,2,True,False,False,True,False,False,True,False,False,True,False,False,False,False,False,True,False,False,False,True,False,False,False,False,True,False,True
2,10.0,15,2,4,False,False,True,True,True,False,False,False,False,True,True,False,False,False,False,False,False,False,False,True,False,True,False,True,False,False,True
2,7.5,60,8,1,False,False,False,True,False,False,True,False,True,False,False,True,False,False,False,False,True,False,False,True,False,True,False,True,False,False,True
2,0.5,15,7,0,False,False,True,True,True,False,False,False,False,False,False,False,False,True,False,False,False,True,False,False,False,False,False,False,False,False,False
3,3.5,24,3,2,True,False,False,True,False,False,False,False,False,True,False,False,False,False,True,False,True,True,False,False,False,False,False,True,False,False,False
4,1.5,40,9,4,False,True,False,False,False,False,True,False,False,True,False,False,False,False,False,True,True,True,False,False,False,True,False,False,False,True,True
4,10.0,15,8,0,False,False,False,True,False,False,False,False,False,True,False,True,False,False,False,False,True,False,False,False,False,False,True,False,False,False,False
2,7.5,40,11,2,False,True,False,False,True,False,False,False,False,False,False,False,False,False,False,True,True,False,False,False,False,True,False,False,False,False,True
4,3.5,24,12,1,False,False,True,True,False,True,False,False,True,False,False,False,True,False,False,False,False,False,False,True,False,True,False,True,False,False,True
3,0.5,15,11,1,False,False,False,False,False,False,False,False,False,False,False,False,False,False,False,False,False,False,True,False,False,False,True,False,False,False,False
2,0.5,24,6,0,False,True,False,False,True,False,False,False,True,False,False,False,False,False,False,True,False,False,False,True,False,False,False,False,False,True,False
4,0.5,40,5,0,False,False,True,True,False,False,True,False,False,True,False,False,False,False,True,False,False,False,False,True,False,True,False,True,False,False,True
2,10.0,15,10,3,False,False,True,True,True,False,False,False,False,False,False,False,False,False,True,False,True,False,True,False,False,True,False,False,True,False,False
3,0.5,60,7,0,True,False,False,False,False,True,False,False,True,False,False,False,False,True,False,False,False,False,False,True,False,False,False,False,False,True,True
4,1.5,40,8,4,False,False,True,False,False,False,True,False,False,True,False,True,False,False,False,False,False,True,False,False,False,True,False,False,True,False,True
3,0.5,24,4,0,False,False,False,False,False,True,False,False,True,False,False,False,False,False,False,True,False,True,False,False,False,False,False,True,False,False,False
1,0.5,24,10,2,False,False,True,True,True,False,False,False,False,True,False,False,True,False,False,False,False,False,False,False,False,False,False,False,False,True,False
1,1.5,15,1,3,False,False,True,True,False,True,False,False,False,False,False,False,False,False,True,False,False,True,False,False,False,True,False,True,False,False,False
2,3.5,24,12,2,False,True,False,True,False,False,True,False,False,False,False,False,True,False,False,False,True,False,True,False,False,True,False,True,False,False,True
3,7.5,60,1,0,False,True,False,True,False,True,False,True,False,False,False,False,True,False,False,False,False,False,False,False,False,False,True,False,False,False,False
1,0.5,15,11,3,True,False,False,False,False,True,False,False,False,False,False,False,False,False,False,True,True,False,False,False,True,False,False,True,False,False,False
2,10.0,60,10,2,False,False,False,True,False,False,False,False,False,False,False,False,False,False,True,False,False,True,False,False,True,False,False,True,False,False,False
1,7.5,24,11,4,False,False,False,True,True,False,False,False,True,False,False,False,False,False,False,True,False,False,False,True,True,False,False,False,False,False,True
2,7.5,40,3,2,False,False,False,False,False,True,False,True,False,False,False,False,True,False,False,False,True,True,False,False,False,True,False,False,False,False,False
4,3.5,60,9,2,False,True,False,True,False,False,True,True,False,False,False,False,False,True,False,False,True,False,False,True,False,False,True,False,False,True,True